account,password,name,type,VATNumber,ceo,country,tele,address,email,fax,status
12345678,999,臺北醫院,醫療機構,12345678,陳美月,台灣,02-22765566,新北市新莊區思源路127號,https://www.tph.mohw.gov.tw/,999,3
00000001,999,豐原醫院,醫療機構,23456789,黃曉明,台灣,04-22354690,台中市豐原區安康路100號,abc@gmail.com,999,2
00000002,999,陽明醫院,醫療機構,34567890,林月美,台灣,02-28353456,臺北市雨聲街105號,bcd@gmail.com,999,3
00000003,999,臺中榮總,醫療機構,45678901,林月桂,台灣,04-23592525,台中市西區台灣大道四段1650號,cde@gmail.com,999,1
00000004,999,臺中醫院,醫療機構,56789012,陳文德,台灣,04-22294411,台中市西區三民路一段199號,efg@gmail.com,999,2
"what 我",999,"is me",999,0,999,999,999,999,999,999,0
"what 我",999,"is me",999,0,999,999,999,999,999,999,0
"what 我",999,"is me",999,0,999,999,999,999,999,999,0
"what 我",999,"is me",999,0,999,999,999,999,999,999,0
"what 我",999,"is me",999,0,999,999,999,999,999,999,0
"what 我",999,"is me",999,0,999,999,999,999,999,999,0
"what 我",999,"is me",999,0,999,999,999,999,999,999,0
"what 我",999,"is me",999,0,999,999,999,999,999,999,0
"what 我",999,"is me",999,0,999,999,999,999,999,999,0
"what 我",999,"is me",999,0,999,999,999,999,999,999,0
"what 我",999,"is me",999,0,999,999,999,999,999,999,0
"what 我",999,"is me",999,0,999,999,999,999,999,999,0
"what 我",999,"is me",999,0,999,999,999,999,999,999,0
"what 我",999,"is me",999,0,999,999,999,999,999,999,0
"what 我",999,"is me",999,0,999,999,999,999,999,999,0
"what 我",999,"is me",999,0,999,999,999,999,999,999,0
"what 我",999,"is me",999,0,999,999,999,999,999,999,0
"what 我",999,"is me",999,0,999,999,999,999,999,999,0
"what 我",999,"is me",999,0,999,999,999,999,999,999,0
"what 我",999,"is me",999,0,999,999,999,999,999,999,0
"what 我",999,"is me",999,0,999,999,999,999,999,999,0
"what 我",999,"is me",999,0,999,999,999,999,999,999,0
"what 我",999,"is me",999,0,999,999,999,999,999,999,0
"what 我",999,"is me",999,0,999,999,999,999,999,999,0
"what 我",999,"is me",999,0,999,999,999,999,999,999,0
"what 我",999,"is me",999,0,999,999,999,999,999,999,0
"what 我",999,"is me",999,0,999,999,999,999,999,999,0
"what 我",999,"is me",999,0,999,999,999,999,999,999,0
"what 我",999,"is me",999,0,999,999,999,999,999,999,0
"what 我",999,"is me",999,0,999,999,999,999,999,999,0
"what 我",999,"is me",999,0,999,999,999,999,999,999,0
"what 我",999,"is me",999,0,999,999,999,999,999,999,0
"what 我",999,"is me",999,0,999,999,999,999,999,999,0
"what 我",999,"is me",999,0,999,999,999,999,999,999,0
"what 我",999,"is me",999,0,999,999,999,999,999,999,0
"what 我",999,"is me",999,0,999,999,999,999,999,999,0
"what 我",999,"is me",999,0,999,999,999,999,999,999,0
"what 我",999,"is me",999,0,999,999,999,999,999,999,0
"what 我",999,"is me",999,0,999,999,999,999,999,999,0
"what 我",999,"is me",999,0,999,999,999,999,999,999,0
"what 我",999,"is me",999,0,999,999,999,999,999,999,0
"what 我",999,"is me",999,0,999,999,999,999,999,999,0
"what 我",999,"is me",999,0,999,999,999,999,999,999,0
"what 我",999,"is me",999,0,999,999,999,999,999,999,0
"what 我",999,"is me",999,0,999,999,999,999,999,999,0
"what 我",999,"is me",999,0,999,999,999,999,999,999,0
"what 我",999,"is me",999,0,999,999,999,999,999,999,0
"what 我",999,"is me",999,0,999,999,999,999,999,999,0
"what 我",999,"is me",999,0,999,999,999,999,999,999,0
"what 我",999,"is me",999,0,999,999,999,999,999,999,0
"what 我",999,"is me",999,0,999,999,999,999,999,999,0
"what 我",999,"is me",999,0,999,999,999,999,999,999,0
"what 我",999,"is me",999,0,999,999,999,999,999,999,0
"what 我",999,"is me",999,0,999,999,999,999,999,999,0
"what 我",999,"is me",999,0,999,999,999,999,999,999,0
"what 我",999,"is me",999,0,999,999,999,999,999,999,0
"what 我",999,"is me",999,0,999,999,999,999,999,999,0
"what 我",999,"is me",999,0,999,999,999,999,999,999,0
"what 我",999,"is me",999,0,999,999,999,999,999,999,0
"what 我",999,"is me",999,0,999,999,999,999,999,999,0
"what 我",999,"is me",999,0,999,999,999,999,999,999,0
"what 我",999,"is me",999,0,999,999,999,999,999,999,0
"what 我",999,"is me",999,0,999,999,999,999,999,999,0
"what 我",999,"is me",999,0,999,999,999,999,999,999,0
"what 我",999,"is me",999,0,999,999,999,999,999,999,0
"what 我",999,"is me",999,0,999,999,999,999,999,999,0
"what 我",999,"is me",999,0,999,999,999,999,999,999,0
"what 我",999,"is me",999,0,999,999,999,999,999,999,0
"what 我",999,"is me",999,0,999,999,999,999,999,999,0
"what 我",999,"is me",999,0,999,999,999,999,999,999,0
"what 我",999,"is me",999,0,999,999,999,999,999,999,0
"what 我",999,"is me",999,0,999,999,999,999,999,999,0
"what 我",999,"is me",999,0,999,999,999,999,999,999,0
"what 我",999,"is me",999,0,999,999,999,999,999,999,0
"what 我",999,"is me",999,0,999,999,999,999,999,999,0
"what 我",999,"is me",999,0,999,999,999,999,999,999,0
"what 我",999,"is me",999,0,999,999,999,999,999,999,0
"what 我",999,"is me",999,0,999,999,999,999,999,999,0
"what 我",999,"is me",999,0,999,999,999,999,999,999,0
"what 我",999,"is me",999,0,999,999,999,999,999,999,0
"what 我",999,"is me",999,0,999,999,999,999,999,999,0
"what 我",999,"is me",999,0,999,999,999,999,999,999,0
"what 我",999,"is me",999,0,999,999,999,999,999,999,0
"what 我",999,"is me",999,0,999,999,999,999,999,999,0
"what 我",999,"is me",999,0,999,999,999,999,999,999,0
"what 我",999,"is me",999,0,999,999,999,999,999,999,0
"what 我",999,"is me",999,0,999,999,999,999,999,999,0
"what 我",999,"is me",999,0,999,999,999,999,999,999,0
"what 我",999,"is me",999,0,999,999,999,999,999,999,0
"what 我",999,"is me",999,0,999,999,999,999,999,999,0
"what 我",999,"is me",999,0,999,999,999,999,999,999,0
"what 我",999,"is me",999,0,999,999,999,999,999,999,0
"what 我",999,"is me",999,0,999,999,999,999,999,999,0
"what 我",999,"is me",999,0,999,999,999,999,999,999,0
"what 我",999,"is me",999,0,999,999,999,999,999,999,0
"what 我",999,"is me",999,0,999,999,999,999,999,999,0
